{
    "batchName": "",
    "batchTime": 0,
    "boardConf": "",
    "boardCustom": "",
    "boardName": "OAK-D-LITE",
    "boardOptions": 0,
    "boardRev": "R1M1E3",
    "cameraData": [
        [
            0,
            {
                "cameraType": 0,
                "distortionCoeff": [
                    29.92673110961914,
                    -19.460906982421875,
                    0.00016826005594339222,
                    0.0005025166901759803,
                    305.9740295410156,
                    29.966415405273438,
                    -23.27923583984375,
                    309.6741943359375,
                    0.0,
                    0.0,
                    0.0,
                    0.0,
                    0.0,
                    0.0
                ],
                "extrinsics": {
                    "rotationMatrix": [
                        [
                            0.0,
                            0.0,
                            0.0
                        ],
                        [
                            0.0,
                            0.0,
                            0.0
                        ],
                        [
                            0.0,
                            0.0,
                            0.0
                        ]
                    ],
                    "specTranslation": {
                        "x": -0.0,
                        "y": -0.0,
                        "z": -0.0
                    },
                    "toCameraSocket": -1,
                    "translation": {
                        "x": 0.0,
                        "y": 0.0,
                        "z": 0.0
                    }
                },
                "height": 2160,
                "intrinsicMatrix": [
                    [
                        3024.216796875,
                        0.0,
                        1894.29296875
                    ],
                    [
                        0.0,
                        3024.216796875,
                        1135.660400390625
                    ],
                    [
                        0.0,
                        0.0,
                        1.0
                    ]
                ],
                "lensPosition": 62,
                "specHfovDeg": 68.7938003540039,
                "width": 3840
            }
        ],
        [
            1,
            {
                "cameraType": 0,
                "distortionCoeff": [
                    -6.680526256561279,
                    12.23536205291748,
                    -0.0008253424894064665,
                    0.0020087857265025377,
                    0.8437981009483337,
                    -6.71104097366333,
                    12.43575668334961,
                    0.47643253207206726,
                    0.0,
                    0.0,
                    0.0,
                    0.0,
                    0.0,
                    0.0
                ],
                "extrinsics": {
                    "rotationMatrix": [
                        [
                            0.9999706745147705,
                            -0.005128963850438595,
                            -0.005689357407391071
                        ],
                        [
                            0.005150951445102692,
                            0.9999793171882629,
                            0.003856729017570615
                        ],
                        [
                            0.005669458769261837,
                            -0.0038859215565025806,
                            0.999976396560669
                        ]
                    ],
                    "specTranslation": {
                        "x": -7.5,
                        "y": 0.0,
                        "z": 0.0
                    },
                    "toCameraSocket": 2,
                    "translation": {
                        "x": -7.515657424926758,
                        "y": -0.003951401449739933,
                        "z": 0.07026208937168121
                    }
                },
                "height": 480,
                "intrinsicMatrix": [
                    [
                        451.4274597167969,
                        0.0,
                        328.528076171875
                    ],
                    [
                        0.0,
                        451.4274597167969,
                        234.0336456298828
                    ],
                    [
                        0.0,
                        0.0,
                        1.0
                    ]
                ],
                "lensPosition": 0,
                "specHfovDeg": 72.9000015258789,
                "width": 640
            }
        ],
        [
            2,
            {
                "cameraType": 0,
                "distortionCoeff": [
                    -1.7596063613891602,
                    -2.5038862228393555,
                    0.0005698200548067689,
                    0.0015328055014833808,
                    4.461712837219238,
                    -1.8037890195846558,
                    -2.3569772243499756,
                    4.339212417602539,
                    0.0,
                    0.0,
                    0.0,
                    0.0,
                    0.0,
                    0.0
                ],
                "extrinsics": {
                    "rotationMatrix": [
                        [
                            0.9999876022338867,
                            -0.002248829696327448,
                            -0.004446730483323336
                        ],
                        [
                            0.0022099653724581003,
                            0.9999594688415527,
                            -0.0087256645783782
                        ],
                        [
                            0.004466172773391008,
                            0.008715729229152203,
                            0.9999520182609558
                        ]
                    ],
                    "specTranslation": {
                        "x": 3.75,
                        "y": 0.0,
                        "z": 0.0
                    },
                    "toCameraSocket": 0,
                    "translation": {
                        "x": 3.752138376235962,
                        "y": 0.030189096927642822,
                        "z": -0.23649361729621887
                    }
                },
                "height": 480,
                "intrinsicMatrix": [
                    [
                        453.306884765625,
                        0.0,
                        345.26776123046875
                    ],
                    [
                        0.0,
                        453.306884765625,
                        256.1240234375
                    ],
                    [
                        0.0,
                        0.0,
                        1.0
                    ]
                ],
                "lensPosition": 0,
                "specHfovDeg": 72.9000015258789,
                "width": 640
            }
        ]
    ],
    "deviceName": "",
    "hardwareConf": "",
    "housingExtrinsics": {
        "rotationMatrix": [],
        "specTranslation": {
            "x": 0.0,
            "y": 0.0,
            "z": 0.0
        },
        "toCameraSocket": -1,
        "translation": {
            "x": 0.0,
            "y": 0.0,
            "z": 0.0
        }
    },
    "imuExtrinsics": {
        "rotationMatrix": [
            [
                0.0,
                0.0,
                0.0
            ],
            [
                0.0,
                0.0,
                0.0
            ],
            [
                0.0,
                0.0,
                0.0
            ]
        ],
        "specTranslation": {
            "x": 0.0,
            "y": 0.0,
            "z": 0.0
        },